company_name,industry_code
13 Rushes,
5 to 5 Skincare,beauty_personal_care
8 Medi Aesthetics Group,health_wellness
99 Percent Hair Studio,beauty_personal_care
A for Apothecary,
A Kinder Beauty,beauty_personal_care
A.M Skincare,beauty_personal_care
About the Scent,beauty_personal_care
Abyssian,
Acuralle,
Acuvue,health_wellness
AfterXroom,
AHAVA,
Aidilic,
Alcosm,
Annabelle Skin,beauty_personal_care
Antipodes,
April Skin SG,beauty_personal_care
Apujeong Hair Studio,beauty_personal_care
Aromase,
Art-Noise,
Aube,
Auolive,
Avant Skincare,beauty_personal_care
Aveeno Baby,
Avene,
Balinese Thai,
Banila Co,
Basic Theory,
Bath and Body works,beauty_personal_care
Batiste,
Bausch and Lomb,health_wellness
Be U Hair design,beauty_personal_care
Beauty of Joseon,beauty_personal_care
Become Aesthetics,beauty_personal_care
Bee Choo Origin,
Beigic,
Benzac Singapore (Galderma Pte Ltd),
Berocca,health_wellness
Bespoke Parfums,beauty_personal_care
Betime Marketing Pte Ltd,
Bio Essence,
Biofinity,health_wellness
Biore,beauty_personal_care
Bioskin,beauty_personal_care
Bioterm,
Black Paint Probiotic Skincare,beauty_personal_care
Blackmores,health_wellness
Bobbi Brown,beauty_personal_care
Briogeo,
Bskin,beauty_personal_care
Bubbles n Scrubs,
Bud Cosmetics,beauty_personal_care
BYOP,
Caltrate,health_wellness
Calypsoul Life,
Capitol Optical,apparel_accessories
CHOBS,
Clean and Clear,
Clear Start,
Clearvision Eye Clinic & LASIK Centre,health_wellness
COSRX,beauty_personal_care
cosmeticsnow,beauty_personal_care
Cosmo Aesthetic Medispa,beauty_personal_care
Cover FX,
Covo,
Craft & Culture,activities_experiences
Crème Simon Pte. Ltd,beauty_personal_care
Crystal Tomato,
Curel,beauty_personal_care
Curél,beauty_personal_care
Curicare,
Di'own Beauty,beauty_personal_care
Dolly Wink,
Doterra,
DR'S Secret Official,
Elixir,
Escentials,beauty_personal_care
Kora Organics,beauty_personal_care
Kimage Hair Salon,beauty_personal_care
Kirona Scent,home_lifestyle
Evereden,
Eversoft,beauty_personal_care
Evolcare,
Expat Hair studio (men),beauty_personal_care
Face of Man Pte Ltd,
Face Republic,
Fancl,beauty_personal_care
Fawn Labs,
Field of Yarrow's,
FLO Aroma,home_lifestyle
Follow Me (Tohtonku),
Forest Rhapsody,
Frank Body/Look Fantastic Singapore,beauty_personal_care
Freshening Holdings Pte Ltd,beauty_personal_care
Galderma,
Gallinee,
Ginvera,beauty_personal_care
Glamour Salon System,beauty_personal_care
Glamour Salon System (TIGI Singapore),beauty_personal_care
Glimpse,
GLISTER™,beauty_personal_care
GLISTER™ (Amway),beauty_personal_care
Glossier,
Glowfully,beauty_personal_care
Goldfleek,
Haar Attic (men),
Hada Labo,beauty_personal_care
Handmade Heroes,
Happy Earth Farm,
Harts Salon,beauty_personal_care
Healbeau International Skincare & Cosmetics,beauty_personal_care
HideAway,
Himalaya,beauty_personal_care
Hoyu,
Huiji,health_wellness
Hush Candle,home_lifestyle
HYGGEE Skincare,beauty_personal_care
Hyuuga,
I Nuovi Cosmetics (S) Pte Ltd,beauty_personal_care
IDS Skincare,beauty_personal_care
Illumiaskin,beauty_personal_care
Innersense,
IRÉN Skin,beauty_personal_care
Iryasa,
Jean Yip Hairdressing and Beauty,beauty_personal_care
Johwa Hair & Living,beauty_personal_care
Jomingo,
Juice Beauty,beauty_personal_care
Jung Beauty,beauty_personal_care
Jurlique,
JVN Hair,beauty_personal_care
Kalpz Beauty Kitchen,beauty_personal_care
Kalu Cosmetics,beauty_personal_care
Kan Beauty Therapy,beauty_personal_care
Karva,
Kelyn Esther,
Kenaris Hair Salon,beauty_personal_care
Kew Organics,beauty_personal_care
Kim Robinson,
Kimage Salon Pte Ltd,beauty_personal_care
Kinohimitsu,health_wellness
Kirei Kirei,
Kleen-pak,beauty_personal_care
KOSE,beauty_personal_care
KSkin,beauty_personal_care
Kskin Korean Express Facial,beauty_personal_care
L'occitane,
Laneige,beauty_personal_care
Laurier,beauty_personal_care
Leekaja Beauty Salon,beauty_personal_care
Liese,beauty_personal_care
Liht Organics,beauty_personal_care
Limmy's Nail & Beauty Lounge,beauty_personal_care
Love Beauty and Planet,beauty_personal_care
Lumine,
Lush,beauty_personal_care
Lush Singapore,beauty_personal_care
LYNK Artisan,
Jo Malone,beauty_personal_care
Macquezs,
Mandy T,
Medicube,beauty_personal_care
Mediheal,beauty_personal_care
Mentholatum,beauty_personal_care
Michaela,
BK Aesthetics Clinic,health_wellness
BLUSH,beauty_personal_care
Dr. stretch,health_wellness
EC House,
House of Traditional Javanese Massage,health_wellness
Oxley Dental,health_wellness
Sin Kang Traditional Therapy,health_wellness
Sothys Premium Salon,beauty_personal_care
Holland & Barrett,health_wellness
Elements Wellness,health_wellness
K-LINE MEDI SCALP AND BROW CENTRE,health_wellness
QB Premium Haircut & Style,beauty_personal_care
Regina Hair Removal Specialist,beauty_personal_care
SV Style House,
The Nailist,beauty_personal_care
VS Salon,beauty_personal_care
kcuts,
Amway Singapore,
FAT HOPE,
hairz,beauty_personal_care
MAD PARFUMEUR,beauty_personal_care
NARS,beauty_personal_care
Scent by SIX,beauty_personal_care
Shu Uemura,beauty_personal_care
The odbo.,
Chrysalis Spa Singapore,beauty_personal_care
THEFACESHOP,
Beauty Language,beauty_personal_care
Nail Palace,beauty_personal_care
NOVELA,
Organic Way Salon,beauty_personal_care
GINTELL,home_lifestyle
Sephora,beauty_personal_care
Dry Cut,
Black Hair Salon,beauty_personal_care
Branché Salon,beauty_personal_care
flora By Face Bistro,
Glowwis Aesthetic & Medical Clinic,health_wellness
HighBrow,beauty_personal_care
L'Essenza,
NovaHealth TCM Clinic,health_wellness
Sulwhasoo,beauty_personal_care
True Harmony,
Veritas Medical Aesthetics,health_wellness
Dental Lounge,health_wellness
Chong Hoe Healthcare,health_wellness
Doremi Korean Hair Salon,beauty_personal_care
E'Bounty_Skincare,beauty_personal_care
Especial Beaute,beauty_personal_care
Eye Studio Tokyo,
CYL - Scalp Lab Solutions,
Frank Zuo Hair Salon,beauty_personal_care
Freshe Beaute,beauty_personal_care
Grace Nail,beauty_personal_care
Into Beauty SG,beauty_personal_care
Izumi Aesthetics,beauty_personal_care
One Cosmeceutical,beauty_personal_care
Queen Ginya,
Adisha Torre,
Beautique,
Coslab,
Eclado,
Forever Flawless,
Free Skin And Body Perfect,beauty_personal_care
Healing Touch Spa,beauty_personal_care
Imago Aesthetic Clinic,health_wellness
SKN MediAesthetics,beauty_personal_care
X-Zen Hair Salon,beauty_personal_care
MODE Aesthetics Singapore,beauty_personal_care
NeuGlow The Aesthetics Doctors,beauty_personal_care
Niks Professional Ltd,
Artistry Hair Studio,beauty_personal_care
Bon Aesthetics,beauty_personal_care
Rachel's Best Soap,beauty_personal_care
Concept Nailz Spa,beauty_personal_care
Crème Hairdressing,beauty_personal_care
Hockhua Tonic,health_wellness
SkinGo!,beauty_personal_care
The Spa-Lon,beauty_personal_care
Vanessa Beauty & Henna Artwork Creations,beauty_personal_care
Venus Beauty,beauty_personal_care
Beauty Secret,beauty_personal_care
Dreamlash,beauty_personal_care
HairArt Studio,beauty_personal_care
Kowayo Aesthetic Clinic,health_wellness
The Ogee Clinic,health_wellness
Skin Labo,beauty_personal_care
The Lash Academy,beauty_personal_care
The Lash House,beauty_personal_care
Our Health & Care TCM Clinic,health_wellness
Charm Elegance,
HAIR DE MAX,beauty_personal_care
La Cara Estetica,
Skin Dfine Aesthetic,beauty_personal_care
Greem Hair Salon,beauty_personal_care
Wonderstudiosg,
Rough Beauty,beauty_personal_care
Beauty Academy,beauty_personal_care
Suburbs Beauty,beauty_personal_care
White House Beauty,beauty_personal_care
Unnie K-Shop,
The Sloane Salon,beauty_personal_care
ZEN BEAUTY,beauty_personal_care
DermAlly,beauty_personal_care
Halley Medical Aesthetics,health_wellness
Fresha,beauty_personal_care
Sommar Beauty Spa,beauty_personal_care
Skin Inc,beauty_personal_care
For U Beauty,beauty_personal_care
Gems-Beauty,beauty_personal_care
Sine Beauty,beauty_personal_care
Clé de Peau Beauté,beauty_personal_care
SkinLab The Medical Spa,health_wellness
Evans Dermalogical,beauty_personal_care
Amberbeila,
Best World International Limited,
NeoAsia,
I Love Skin Inc,beauty_personal_care
Porcelain Skin,beauty_personal_care
Aura Prestige,
Hysses,home_lifestyle
MTG Singapore,
Celblos,
Vanity Trove,retail_general
Beauty Science Inc,beauty_personal_care
Ikeda Group,
Bellewave,
Calecim,
World of SC,
Aesthetics Marketing Asia Pte Ltd,beauty_personal_care
Vashion Group,
Hairbitat Herbal,beauty_personal_care
Essensure,
Premier Dead Sea,
Ek Dermalab,beauty_personal_care
BeautySquare,beauty_personal_care
Legenda Gel Lipsticks,beauty_personal_care
Dione International,
OneNine57,
Purple Pixie,
Rachel K Cosmetics,beauty_personal_care
Recherche Skincare,beauty_personal_care
Licht Far East,
Style and Beauty Experts,beauty_personal_care
Zyu Singapore,
Souffle Beauty,beauty_personal_care
Bycaxs,
Dear Princess,
Believe Singapore,
Vaniday,
Clozette Group,media_publishing
BellaBox,retail_general
Vanitee,
Airfrov,retail_general
Simpliclear,
Purer Skin,beauty_personal_care
Jooix,
PHS Hair Science,beauty_personal_care
Imagene Labs,health_wellness
Freia Aesthetics,beauty_personal_care
Premier Singapore,
VIDASKIN,beauty_personal_care
NU SKIN,beauty_personal_care
Yuan Skincare & Soap Singapore,beauty_personal_care
Shakura Pigmentation Beauty (SG),beauty_personal_care
Motives Cosmetics,beauty_personal_care
Clarins,beauty_personal_care
Lumiere de Vie,
JUNG SAEM MOOL,
Astalift Singapore,
Caring Skin,beauty_personal_care
Queen's Beauty Centre,beauty_personal_care
Queen Beauty,beauty_personal_care
H99 Hair Wash Salon,beauty_personal_care
Harts,
Cozy Container,
Jia Lee K Beauty Aesthetic,beauty_personal_care
Sen'se by De Belle,
Eeva Medical Aesthetic Clinic,health_wellness
Institut Lapis Lazuli,
New Beauty Singapore,beauty_personal_care
Beaute By Nature,beauty_personal_care
Wax Pro Beaute,beauty_personal_care
Charlotte Tilbury,beauty_personal_care
YL Beauty Aesthetics,beauty_personal_care
Avone Beauty Secrets,beauty_personal_care
The Best Beauty Centre,beauty_personal_care
Sophia Brow House,beauty_personal_care
Aileen Beauty Pte Ltd,beauty_personal_care
Beaute Nails,beauty_personal_care
Sixth Sense Beauty and Wellness,health_wellness
JW Classic Beauty,beauty_personal_care
Jen Beauty Sg,beauty_personal_care
Zion Aesthetic Clinic,health_wellness
CH SKIN BEAUTY,beauty_personal_care
Better Wellness TCM,health_wellness
Chic Nails SG,beauty_personal_care
Empire Charme,
Ciao Lashes,beauty_personal_care
2NE STUDIO,
Athens Salon,beauty_personal_care
Attractive Hair Art,beauty_personal_care
Chambers Hair Studio,beauty_personal_care
Herbivore Botanicals,
Degree Hair Studio,beauty_personal_care
Diptyque,beauty_personal_care
DJ Salon,beauty_personal_care
eBeauty,beauty_personal_care
YiJia International Singapore,
FOOT COURT Reflexology,health_wellness
Ichiban Foot Reflexology,health_wellness
Lavage Spa,beauty_personal_care
Massage Lah!,health_wellness
1Gravity,
Astute Medical Clinic,health_wellness
Celmonze Signature Aesthetic,beauty_personal_care
Expressions,
Hallyu Hair,beauty_personal_care
Japan IPL Express,
Moomin,
Nailz Treats,beauty_personal_care
Skin Belief,beauty_personal_care
Syoujin,
Yi Atelier of Brows,beauty_personal_care
ArkiDental,health_wellness
Evolve Salon,beauty_personal_care
IGLOW,beauty_personal_care
Kazehikaru,
iBrow Studio,beauty_personal_care
Fresh,beauty_personal_care
Moyem Medical Aesthetics,health_wellness
OGAWA,home_lifestyle
Simple Wellness Singapore,health_wellness
Young Living Essential Oils,health_wellness
Smoovee Skin,beauty_personal_care
The Nail Artistry,beauty_personal_care
AsterSpring Singapore,
Dr. Solutions Aesthetic Medispa,beauty_personal_care
Coulisse Heir,
Shunji Matsuo,
Jeric Salon,beauty_personal_care
Natureland Spa Premium,beauty_personal_care
Mizu Aesthetic,beauty_personal_care
Pixie Nail Spa Group,beauty_personal_care
Rituals Singapore,beauty_personal_care
THANN Singapore,beauty_personal_care
Nature's Farm,health_wellness
U Hair,beauty_personal_care
Biologique Recherche,
BareSkin Elements,beauty_personal_care
BR Aesthetics Medical Clinic,health_wellness
Dragon Brand Bird's Nest,health_wellness
Sabon Singapore,beauty_personal_care
MAISON 21G,
Salon 360,beauty_personal_care
SISLEY,beauty_personal_care
ORIGINS,beauty_personal_care
Tom Ford Beauty,beauty_personal_care
AESTA makeup,beauty_personal_care
Allies of Skin,beauty_personal_care
ést.lab,
"[removed] L'oreal Paris
Bondue already has a partnership, I will liase directly",
Bare Skin,beauty_personal_care
Dr Hauschka,
Blow + Bar,
Cetaphil,
Beijing 101,
Liang Yi TCM Singapore,health_wellness
Strip,beauty_personal_care
The Aesthetics Centre,beauty_personal_care
AURA Clinic Singapore,health_wellness
Browhaus,beauty_personal_care
Henry Jacques,
Bay Aesthetics Clinic and Medispa,health_wellness
James Barker Barber,beauty_personal_care
Lush & Glow,beauty_personal_care
Myeongdong Hair Studio,beauty_personal_care
Renaza,
TONI&GUY,beauty_personal_care
Cube Beauty,beauty_personal_care
Designer Brow & Beauty,beauty_personal_care
KENKO Wellness,health_wellness
Be Salon,beauty_personal_care
KGlow SkinLab,beauty_personal_care
MPFB by Identity Hairworks,beauty_personal_care
zincsalon,beauty_personal_care
London Weight Management,health_wellness
MAKE UP FOR EVER,beauty_personal_care
New York Skin Solutions,beauty_personal_care
Oriental Hair Solutions,beauty_personal_care
TK TrichoKare,
BEME JAPAN,
Mt. Sapola Singapore,home_lifestyle
Welcia-BHG,retail_general
skin pple,beauty_personal_care
ZÉLL-V,health_wellness
K Designer Nail & Beauty,beauty_personal_care
Salon Infinity,beauty_personal_care
Stryv,
Milly's Singapore,
Radium Medical Aesthetics,health_wellness
Givenchy,beauty_personal_care
HARNN SINGAPORE,beauty_personal_care
HERMETISE,
Lemongrass House,home_lifestyle
Mirage Aesthetic,beauty_personal_care
Pablo Blau,
Nano Singapore,health_wellness
Walking on Sunshine,
Eu Yan Sang,health_wellness
Nu Skin Singapore,beauty_personal_care
RdytoGlow,beauty_personal_care
Sage & Ylang,
OMNO,
TRULIFE,
Portray Singapore,
Porcelain Singapore,
8ADay Hydration,health_wellness
Absolute Boutique Fitness Studio,health_wellness
Asics Singapore,apparel_accessories
Active Red,apparel_accessories
Adidas,apparel_accessories
Advantage Pilates Studio Singapore,health_wellness
Adventure 21,activities_experiences
Adventure World,activities_experiences
AIBI Maxwell,health_wellness
Altra Running Singapore,apparel_accessories
Amore Fitness,health_wellness
andar,apparel_accessories
Anya Active,apparel_accessories
Aphy,apparel_accessories
Aptitude Gym,health_wellness
arena - Singapore,apparel_accessories
arkbloc,health_wellness
Artiste Quotient Dance Academy,activities_experiences
Ascend Fitness,health_wellness
Athlife Performance,health_wellness
Avante Gym & Yoga,health_wellness
Axiom,health_wellness
Axtrosports,apparel_accessories
BalletBody,health_wellness
Band of Sisters,
barrefit,health_wellness
Barrys Raffles,health_wellness
BASI Pilates Academy Singapore,health_wellness
BBounce,health_wellness
BFT Bugis,health_wellness
Blender Bottle,home_lifestyle
Bliss Pilates Studio,health_wellness
Body n'Sync Singapore,health_wellness
Boulder Movement,health_wellness
boulder+,health_wellness
BROOKS,apparel_accessories
BX Studio,health_wellness
CamelBak,home_lifestyle
Campers' Corner,retail_general
cheak.,apparel_accessories
ChimpChamp Fitness,health_wellness
Club Yoga,health_wellness
Converge Studios,health_wellness
Core collective,health_wellness
CRAZYBADMAN,
CrossFit Hub Singapore,health_wellness
Dancepointe Academy,activities_experiences
danstudio,activities_experiences
Danzpeople,activities_experiences
Dare Training Club,health_wellness
Decathlon,apparel_accessories
Dennis Gym,health_wellness
Direct Home Gym,health_wellness
Distinct Creative Arts,activities_experiences
DOT Store,
Drizzle Asia,
Eco-Lyfe,
ELITE Sports Academy,apparel_accessories
Safra,activities_experiences
Elevate Dance Academie,activities_experiences
Eunice Rebekah.Co,
Evolve MMA,health_wellness
Fanka,
F Brand,
FBT,
F1 Recreation,activities_experiences
F45 Training Alexandra,health_wellness
F45 Training Aljunied-Paya Lebar,health_wellness
F45 Training Balestier,health_wellness
F45 Training Boat Quay,health_wellness
F45 Training Macpherson Ubi,health_wellness
F45 Training Novena,health_wellness
F45 Training River Valley,health_wellness
F45 Training Serangoon Gardens,health_wellness
F45 Training Siglap,health_wellness
F45 Training Sunset Singapore,health_wellness
F45 Training Tanjong Katong,health_wellness
F45 Training Tanjong Rhu,health_wellness
FILA,apparel_accessories
Fit Asia,health_wellness
Fitmonkie,health_wellness
Fitness Bravo,health_wellness
Fitness Movement,health_wellness
Focus Movement,health_wellness
Footlocker,apparel_accessories
FOXX Gym,health_wellness
Fu Kang Healthcare and Rehabilitation Products,health_wellness
FunFit Singapore,apparel_accessories
FWCC,
Garmin,tech_electronics
Gearaholic,retail_general
Glow Pilates,health_wellness
Grityard,health_wellness
Ground Up Climbing,health_wellness
Ground Zero,
G-SHOCK,apparel_accessories
Gym 51,health_wellness
Gym Hero,health_wellness
Gym Wear Movement,health_wellness
GymSportz,health_wellness
HIIT & RUN Gym,health_wellness
HF Lifestyle,
Hom Yoga,health_wellness
Home Fitness,health_wellness
Hybrid Fitness,health_wellness
Hyder,
Hydragun SG,health_wellness
Hydroflask,home_lifestyle
IDance Yoga & Fitness,health_wellness
iRun,health_wellness
Isabarre Studio,health_wellness
Jal Yoga,health_wellness
JD Sports,apparel_accessories
JR Fitness,health_wellness
JUUJAA,
Key Power Sports,apparel_accessories
KF1 Karting,activities_experiences
KITTED,
Klean Kanteen,home_lifestyle
Kubba Sportswear,apparel_accessories
LAC Singapore,health_wellness
Legacy Dance Co.,activities_experiences
LEVEL,health_wellness
Line Pilates,health_wellness
Liv Activ,health_wellness
Lululemon,apparel_accessories
LumiCycle,health_wellness
lunabbys,
Ministry of Fitness,health_wellness
Momentum Lab,health_wellness
Montbell Singapore,apparel_accessories
Move to Live,health_wellness
Movement & Sports Medicine Centre,health_wellness
Movement First,health_wellness
Movement Mechanics Physiotherapy,health_wellness
Myprotein Singapore,health_wellness
Nalno Outdoor Equipment,retail_general
New Balance,apparel_accessories
New Heights Studio,health_wellness
NutriFirst,health_wellness
Off Duty Pilates,health_wellness
One Wellness Fitness Club,health_wellness
Optimum Nutrition,health_wellness
Oompf! Fitness,health_wellness
O School,activities_experiences
Osim,home_lifestyle
Oudoor Life Singapore,retail_general
Outfyt,apparel_accessories
Outside,retail_general
Pilates Fitness,health_wellness
Pilates Plus,health_wellness
Pilates Smith Singapore,health_wellness
Platinum Fitness,health_wellness
Prestique Studio,health_wellness
Project Pargo,home_lifestyle
Project Send,
Puma,apparel_accessories
PURE Fitness,health_wellness
Pure Yoga,health_wellness
Purpose Performance Wear,apparel_accessories
Rangoon Active,apparel_accessories
Ranking Sports & Music,apparel_accessories
RAW Active,apparel_accessories
Real Yoga,health_wellness
Recognize Studios,health_wellness
RED,
Redbull Singapore,food_beverage
Red Dot Running Company,apparel_accessories
Rehabzone SportsMed,health_wellness
Revive&co,
REVL Bukit Timah,health_wellness
REVL Training Rochester,health_wellness
REVL Training Tiong Bahru,health_wellness
Revved Athleisure,
Rigorer Singapore,apparel_accessories
Royal Sporting House,apparel_accessories
Rs_cycle,health_wellness
Running Lab Singapore,apparel_accessories
Ryderwear,apparel_accessories
Sin Ten Sports,apparel_accessories
Singapore Sports Hub,activities_experiences
Singapore Sports School,education_services
Skechers,apparel_accessories
Sky Pilates,health_wellness
Skyline Aqua,health_wellness
Sole Fitness,health_wellness
Salomon,apparel_accessories
Solas Reformative,health_wellness
SPACECUBOID,
Sparkd Fitness,health_wellness
The North Face,apparel_accessories
Spartans Boxing Club Balestier,health_wellness
Spartans Boxing Club Buona Vista,health_wellness
Spartans Boxing Club Choa Chu Kang,health_wellness
Spartans Boxing Club Downtown East,health_wellness
Spartans Boxing Club Joo Chiat,health_wellness
Spartans Boxing Club Jurong West,health_wellness
Spartans Boxing Club Serangoon Gardens,health_wellness
Spartans Boxing Club South Central,health_wellness
Spartans Boxing Club Springleaf,health_wellness
Spartans Boxing Club Tai Seng,health_wellness
Sports Direct,apparel_accessories
Sports Elements,apparel_accessories
Sports Factory Singapore,apparel_accessories
STEP Studio,health_wellness
Storm Athletic Club,health_wellness
Sports Shop SG,apparel_accessories
Studio La Vie,health_wellness
Sun & Sand Sports,apparel_accessories
Sun Paradise,
Sweatbox Yoga,health_wellness
Sweaty Betty,apparel_accessories
SYNC CYCLE,health_wellness
TSquared Lab Raffles Place,health_wellness
TSquared Lab Harbourfront,health_wellness
Team Axis,health_wellness
TFX Fitness,health_wellness
The Dance Collective,activities_experiences
The Dance Place,activities_experiences
The Gym Pod,health_wellness
The Jungle MMA,health_wellness
The Outdoor Tactical Shop,retail_general
The Pilates Works,health_wellness
The Pilates Works Plus,health_wellness
Pit Personal Trainer,health_wellness
The Ring,health_wellness
The Row Space,health_wellness
The Strength Yard,health_wellness
Therabody,health_wellness
TIGER BALM,health_wellness
Touch the Toes,health_wellness
Tough Cookie,
Tribody Fitness,health_wellness
Trill Active,apparel_accessories
UFIT Singapore,health_wellness
Under Armour,apparel_accessories
Urbanized Co,apparel_accessories
Vaultage,health_wellness
Virgin Active Singapore,health_wellness
Vivre Activewear,apparel_accessories
WeBarre,health_wellness
WEsports,apparel_accessories
What The Fit,health_wellness
X Boundaries,health_wellness
XEXYMIX,apparel_accessories
XYCO Studio,health_wellness
Yan Ballet Academy,activities_experiences
YOF Athletica,apparel_accessories
Yoga Edition Singapore,health_wellness
Yoga Inc.,health_wellness
Yoga School Singapore,health_wellness
Yoga+,health_wellness
YogaBliss,health_wellness
Yumi Active,apparel_accessories
ZODA,health_wellness
Lab Studios,health_wellness
Sparks Merch,apparel_accessories
Fitness First,health_wellness
HOKA,apparel_accessories
Vapur,home_lifestyle
minmed,health_wellness
Galaxy Dance Academy,activities_experiences
UNSPRUNG,
AG1,health_wellness
ActiveSG,non_profit_government
UFIT Health,health_wellness
Yoga Movement Pte. Ltd.,health_wellness
Gymmboxx Singapore,health_wellness
Platinum Fitness SG,health_wellness
Evolve MMA Singapore,health_wellness
SportPlus SG,apparel_accessories
ANZA,
True Group - Yoga,health_wellness
GLOWco Move,health_wellness
Kydra,apparel_accessories
Viver Activewear,apparel_accessories
8bitdo,tech_electronics
Acer,tech_electronics
ADATA,tech_electronics
Airbot,tech_electronics
Airdroptech,tech_electronics
Amazfit,tech_electronics
AMD,tech_electronics
ANVORO,tech_electronics
AOC,tech_electronics
Apple,tech_electronics
Apacer,tech_electronics
Arlo,tech_electronics
ASRock,tech_electronics
Asus,tech_electronics
Asus ROG,tech_electronics
Atrix,tech_electronics
Avantree,tech_electronics
AverMedia,tech_electronics
Bang & Olufsen,tech_electronics
Bazic,tech_electronics
Belkin,tech_electronics
Beyerdynamic,tech_electronics
Biwin,tech_electronics
Blaupunkt,tech_electronics
Braun,tech_electronics
Braven,tech_electronics
Brother,tech_electronics
BOSE,tech_electronics
Bowers & Wilkins,tech_electronics
Canon,tech_electronics
Casio,tech_electronics
Cleer Audio,tech_electronics
CMF,tech_electronics
Colorful Technology,tech_electronics
Corsair,tech_electronics
Creative Labs,tech_electronics
Crucial,tech_electronics
Coteci,tech_electronics
Cygnett,tech_electronics
Defunc,tech_electronics
Dell,tech_electronics
Denon,tech_electronics
Devialet,tech_electronics
Divoom,tech_electronics
Dji,tech_electronics
DLink,tech_electronics
Dreame,tech_electronics
Ducky Channel,tech_electronics
Duracell,tech_electronics
Earfun,tech_electronics
Edifier,tech_electronics
Eken,tech_electronics
Elecom,tech_electronics
Elgato,tech_electronics
Enabot,tech_electronics
Energea,tech_electronics
Energizer,tech_electronics
Epson,tech_electronics
Essager,tech_electronics
EZVIZ,tech_electronics
Fanda,tech_electronics
FiiO,tech_electronics
Fitbit,tech_electronics
Flexispot,tech_electronics
Fluance,tech_electronics
Flujo,tech_electronics
Foxconn,tech_electronics
Fujifilm,tech_electronics
Fujitsu,tech_electronics
Gigabyte,tech_electronics
Gravastar,tech_electronics
Google Pixel,tech_electronics
GoPro,tech_electronics
Govee,tech_electronics
GP,tech_electronics
Harman Kardon,tech_electronics
Havit,tech_electronics
HCKTec,tech_electronics
Hifuture,tech_electronics
Hohem,tech_electronics
Hollyland,tech_electronics
HONOR,tech_electronics
Hori,tech_electronics
HP,tech_electronics
Huawei,tech_electronics
HyperX,tech_electronics
Innergie,tech_electronics
Insta360,tech_electronics
Intel,tech_electronics
Inxus,tech_electronics
iWalk,tech_electronics
J5Create,tech_electronics
Jabra,tech_electronics
JISJIA,tech_electronics
JVC,tech_electronics
Keychron,tech_electronics
Kingston Technology,tech_electronics
Kioxia,tech_electronics
Konica Minolta,tech_electronics
LaCie,tech_electronics
Laifen,tech_electronics
Lemorele,tech_electronics
Laut,tech_electronics
Lenovo,tech_electronics
LG Electronics,tech_electronics
Linksys,tech_electronics
Logitech,tech_electronics
Marantz,tech_electronics
Marshall,tech_electronics
MarvelTribe,tech_electronics
Masterplug,tech_electronics
Mazer,tech_electronics
MediaTek,tech_electronics
Meizu,tech_electronics
Metapod,tech_electronics
Microdia,tech_electronics
Microlab,tech_electronics
MicroPack,tech_electronics
Minix,tech_electronics
MSI,tech_electronics
Mokin,tech_electronics
MONSTERFAN,tech_electronics
Momax,tech_electronics
Morries,tech_electronics
MTech,tech_electronics
Nakamichi,tech_electronics
N.Brandz,tech_electronics
Nintendo,tech_electronics
NNIO,tech_electronics
Noise,tech_electronics
Northbayou,tech_electronics
Norton,tech_electronics
NVIDIA,tech_electronics
NZXT,tech_electronics
OKONZ,tech_electronics
OneOdio,tech_electronics
Orico,tech_electronics
OPPO,tech_electronics
Panasonic,tech_electronics
Patriot Memory,tech_electronics
Phison Electronics,tech_electronics
Philips,tech_electronics
Philips Hue,tech_electronics
PICO,tech_electronics
Plantronics,tech_electronics
Polaroid,tech_electronics
Powerpac,tech_electronics
QNAP,tech_electronics
Qualcomm,tech_electronics
RAZER,tech_electronics
Realme,tech_electronics
Realtek,tech_electronics
Republic of Gamers,tech_electronics
Ricoh,tech_electronics
Rii,tech_electronics
Roccat,tech_electronics
Roku,tech_electronics
Sabrent,tech_electronics
Samsung,tech_electronics
SanDisk,tech_electronics
Seagate,tech_electronics
Sharkoon,tech_electronics
Shure,tech_electronics
Silicon Power,tech_electronics
SilverStone,tech_electronics
SK hynix,tech_electronics
Skullcandy,tech_electronics
Smasmall,tech_electronics
Sonos,tech_electronics
Soundcore,tech_electronics
SoundPEATS,tech_electronics
Soundtech,tech_electronics
SPOETRY,tech_electronics
SteelSeries,tech_electronics
Synology,tech_electronics
TCL,tech_electronics
Teclast,tech_electronics
Tessan,tech_electronics
Thermaltake,tech_electronics
TP-Link,tech_electronics
Transcend,tech_electronics
Tribit,tech_electronics
Turtle Beach,tech_electronics
Unitek,tech_electronics
Valore,tech_electronics
Vention,tech_electronics
Verbatim,tech_electronics
ViewSonic,tech_electronics
Vivo,tech_electronics
Western Digital,tech_electronics
Whirlpool,tech_electronics
Wiwu,tech_electronics
XBOX,tech_electronics
Xiaomi,tech_electronics
XPG,tech_electronics
Yashica,tech_electronics
Yealink,tech_electronics
Yoole,tech_electronics
Atas Workshop,activities_experiences
BG Monsters Cafe,food_beverage
Dueller’s Point,activities_experiences
ME Cafe & Games,food_beverage
The Clan Hotel,
123 Chicha,food_beverage
7th Heaven KTV & Cafe,entertainment_leisure
All Time High Family Karaoke,entertainment_leisure
Candy K-Bar Family Karaoke,entertainment_leisure
Cash Studio Karaoke,entertainment_leisure
Cafe de Paris,food_beverage
Caffebene,food_beverage
Coastes,food_beverage
Cow Play Cow Moo,entertainment_leisure
Daizu Cafe,food_beverage
Eatigo (experience / dining partner),food_beverage
Edge Wakeboarding,activities_experiences
Escape Hunt,activities_experiences
Ev Dance,activities_experiences
Fluffydolls Catfe,
Forest Adventure,activities_experiences
Fun Empire,activities_experiences
Go Bananas! Art and Craft,activities_experiences
Go-VR,activities_experiences
Hard Rock Café,food_beverage
HaveFun Karaoke,entertainment_leisure
Hi Roller Singapore,activities_experiences
Infinity Kpop,entertainment_leisure
K Voice Karaoke,entertainment_leisure
KOBO Jewellery (event collab),apparel_accessories
Lost SG,activities_experiences
Meomi Cat Cafe,
Mr Bean Cafe,food_beverage
One Ice Cafe,food_beverage
The Cat Cafe,
The Fun Empire,activities_experiences
The Mind Café,food_beverage
The Par Club Singapore,activities_experiences
The Sundowner,food_beverage
Xcape Singapore,activities_experiences
Xscape,activities_experiences
RAVE Karaoke,entertainment_leisure
ZPLUS KTV,entertainment_leisure
JEWEL MUSIC BOX,entertainment_leisure
Teo Heng KTV,entertainment_leisure
Cash Studio,entertainment_leisure
Chao K Party,entertainment_leisure
King and The Pawn,activities_experiences
CozyPlace,activities_experiences
Captivate Escape Rooms,activities_experiences
Pixels and Pieces,activities_experiences
Play Nation HQ,activities_experiences
Game Over Gaming & Cafe,food_beverage
Fullhouse Board Game and Cafe,food_beverage
Game Up,activities_experiences
Wildflower Studio,activities_experiences
Stray Cafe,food_beverage
QQ Cats and Cafe,
The Barking Bean,
What the Pug,
Nekotown Cat Cafe,
Snow Pawttage,
Catmosphere Cat Cafe,
The Urban Hideout,
Universal Studios Singapore,entertainment_leisure
Gardens by the Bay,entertainment_leisure
Adventure Cove,entertainment_leisure
SEA Aquarium,entertainment_leisure
Snow City,activities_experiences
Rainforest Wild Asia,entertainment_leisure
Bird Paradise,entertainment_leisure
Wild Wild Wet,entertainment_leisure
River Wonders,entertainment_leisure
Night Safari,entertainment_leisure
Singapore Zoo,entertainment_leisure
Mandai Wildlife,entertainment_leisure
HydroDash,activities_experiences
Madame Tussauds Singapore,entertainment_leisure
165 Sky Dining by Singapore Flyer,entertainment_leisure
Cable Car Dining Experience,entertainment_leisure
SkyHelix Sentosa Ticket,activities_experiences
AltitudeX,activities_experiences
Tactsim,activities_experiences
Timezone,entertainment_leisure
Axefactor,activities_experiences
Genting Dream Cruise,
Royal Caribbean Cruise,
Dream Cruise,
Andaz Singapore,
Amara Sanctuary Sentosa,
Amara Singapore,
Amoy Hotel,
Aqueen Hotel Paya Lebar,
Capri by Fraser China,
Carlton Hotel Singapore,
Concorde Hotel,
Conrad Centennial Singapore,
Conrad Singapore Marina Bay,
Crowne Plaza Singapore,
Dao by Dorsett,
Furama Hotels,
Fullerton Hotel,
Fullerton Bay,
Goodwood Park Hotel,
Grand Copthorne Waterfront,
Grand Hyatt Singapore,
Grand Mercure Singapore Roxy,
Hard Rock Hotel Singapore,
Harbour Ville Hotel,
Hilton Singapore,
Hotel Fort Canning,
Hotel Indigo,
Hotel Jen Tanglin / Orchard Gateway,
Hotel Mono,
Hotel NuVe Heritage,
Hotel Ora,
Hotel YAN,
JW Marriott Hotel South Beach,
M Hotel,
M Social Singapore,
Mandai Rainforest Resort,
Naumi Hotel Singapore,
Oasia Hotel Downtown,
Oasia Resort Sentosa,
Orchard Rendezvous Hotel,
PARKROYAL Collection,
Pan Pacific Singapore,
PanPacific Hotel,
PULLMAN Singapore Hill Street,
Pullman Singapore,
Rendezvous Hotel Singapore,
Ritz-Carlton Singapore,
Shangri-La Singapore,
Sofitel Singapore City Centre,
St. Regis Singapore,
W Singapore – Sentosa Cove,
YOTELAIR Singapore,
YOTEL Singapore,
Lloyd’s Inn,
Art Jam Studio,activities_experiences
Art Jamming,activities_experiences
Art Science Museum,entertainment_leisure
Artefakts,activities_experiences
Artify Studio,activities_experiences
artisan8 studio,activities_experiences
Boon’s Pottery,activities_experiences
Craft Atelier,activities_experiences
Crafts For Green,activities_experiences
Crafune,
Creative Imaging,
Crio Collective,
Hands on Klay,activities_experiences
Happy Snap Studio,activities_experiences
H2 Studio,activities_experiences
Ki.Li.O Art,activities_experiences
Kintsugi Art Studio,activities_experiences
Mud Rock Ceramics,activities_experiences
My Art Space,activities_experiences
Nadra Louise Studio,activities_experiences
Paint Blush,activities_experiences
PotteryPlease!,activities_experiences
SALTT Workshop,activities_experiences
Spin Paint House,activities_experiences
Swirl Art,activities_experiences
Tableminis,activities_experiences
Tinkle Art Room,activities_experiences
Tuft Club / Tufting,activities_experiences
White Room Studio,activities_experiences
Woofdtopia Pet Cafe,
Boulder World,health_wellness
BOUNCE Singapore,activities_experiences
Climb Central,health_wellness
Climb@T3,health_wellness
D.U.X Laser Tag,activities_experiences
Gamesaurus Rex,activities_experiences
Go Team Laser Tag,activities_experiences
Golfwav,activities_experiences
Hackwagon,activities_experiences
Hado Singapore,activities_experiences
iFly Singapore,activities_experiences
Kinetics Climbing,health_wellness
Laser Quest,activities_experiences
Laser Tag Singapore,activities_experiences
LaserOPS,activities_experiences
Nerf Action Xperience,activities_experiences
Play Nation,activities_experiences
Race Box,activities_experiences
Sandbox VR,activities_experiences
Team Board Game,activities_experiences
The Rink,activities_experiences
The Rock School – Our Tampines Hub,activities_experiences
VertiClimb Singapore,health_wellness
VR Wan+,activities_experiences
ABC Photography,activities_experiences
Bespoke Photography,activities_experiences
Coco Creative Studio,activities_experiences
Firefly Photography,activities_experiences
HeadshotPro,activities_experiences
Mount Studio,activities_experiences
Ooffle,activities_experiences
Party Box,activities_experiences
Photo Meister,activities_experiences
Selfiebox,activities_experiences
Shoot You,activities_experiences
Shoot Your Shot,activities_experiences
Studio Five Corp,activities_experiences
Terra Headshots,activities_experiences
The Holograil,activities_experiences
The Photo Booth,activities_experiences
Vivid Snaps,activities_experiences
100plus,food_beverage
108 Matcha Saro,food_beverage
20grams Coffee,food_beverage
365 Juices Bar,food_beverage
4 Fingers,food_beverage
96 BEVERAGE (ASIA) PTE. LTD.,food_beverage
A Hot Hideout,food_beverage
A.Muse Projects,food_beverage
Ah Mah Homemade Cake,food_beverage
AJ Delights,food_beverage
Ajisen Ramen,food_beverage
Ajumma's,food_beverage
Allpress Espresso,food_beverage
Amps Tea,food_beverage
An Acai Affair,food_beverage
Ange Bakes Keto,food_beverage
Annabella Patisserie,food_beverage
Antea Social Tea,food_beverage
Arabica,food_beverage
Aroma Truffle,food_beverage
Astons,food_beverage
Atlas Vending Solutions,food_beverage
Au Croissant,food_beverage
Auntie Anne's,food_beverage
Awfully Chocolate Singapore,food_beverage
Bacha Coffee,food_beverage
Bakery Cuisine,food_beverage
Baristart Coffee,food_beverage
Baskin-Robbins,food_beverage
Bearded Bella,food_beverage
Betsubara,food_beverage
Better Food Distribution Co.,food_beverage
Bettr Barista,food_beverage
Beyond Pancakes,food_beverage
BHC Chicken Singapore,food_beverage
Big Fish Small Fish,food_beverage
Bingz,food_beverage
Birds of Paradise,food_beverage
Black Tap Craft Burgers & Beer,food_beverage
Blanco Court Beef Noodles,food_beverage
BLVD,food_beverage
Bober Tea,food_beverage
Boncafé,food_beverage
BOOST Juice,food_beverage
Braek,food_beverage
BRAND'S,food_beverage
Bread Yard,food_beverage
Buddy Hoagies,food_beverage
Burnt Cones,food_beverage
Butter & Cream,food_beverage
Butter Studio,food_beverage
Café Monochrome,food_beverage
CAFE-BAR SERVICES,food_beverage
Caffine Xpress,food_beverage
Cakebar,food_beverage
Calbee,food_beverage
Canadian Pizza,food_beverage
Carl's Jr. Singapore,food_beverage
Cat & the Fiddle,food_beverage
Cedele,food_beverage
Chalk Farm,food_beverage
ChaTraMue,food_beverage
Chewy Junior,food_beverage
Chimi's SG,food_beverage
Chocolate Origin,food_beverage
Chow Zan Dessert,food_beverage
CINNABON,food_beverage
COCA-COLA SINGAPORE BEVERAGES PTE. LTD.,food_beverage
Coffeesmith Singapore,food_beverage
Cold Break Ice cream,food_beverage
COLLIN'S,food_beverage
Common Man Coffee Roasters,food_beverage
Commune Cafe,food_beverage
Cowhead,food_beverage
Cowpresso Coffee,food_beverage
Crafti,food_beverage
Creamier Handcrafted Ice Cream and Coffee,food_beverage
Da Paolo Gastronomia,food_beverage
Dal.Komm Coffee Singapore,food_beverage
Delifrance,food_beverage
Dian Xiao Er,food_beverage
Dilmah Tea,food_beverage
Din Tai Fung,food_beverage
Domino's,food_beverage
Dookki Singapore,food_beverage
DOPA,food_beverage
Double Shot Coffee,food_beverage
Dunkin' Donuts,food_beverage
Dutch Colony Coffee Co.,food_beverage
Each a Cup,food_beverage
Eighteen Chefs,food_beverage
elemen group,food_beverage
Emicakes,food_beverage
Faesol Pte Ltd,food_beverage
Fahrenheit Coffee,food_beverage
Famous Amos,food_beverage
Fish and Co,food_beverage
Fisherman's Friends,food_beverage
Five Oars Coffee Roasters,food_beverage
Flip Coffee Roasters,food_beverage
Folks & Stories,food_beverage
FOODEDGE GOURMET PTE. LTD.,food_beverage
Fossa Chocolate,food_beverage
Four Leaves,food_beverage
Fruce,food_beverage
Fruit Paradise,food_beverage
Garden Picks,food_beverage
Gardenia Foods,food_beverage
Garrett Popcorn,food_beverage
Geláre,food_beverage
Genki Sushi Singapore,food_beverage
Glyph Supply Co,food_beverage
GO Noodle House Singapore,food_beverage
Godiva,food_beverage
GoldKili,food_beverage
Goobne,food_beverage
Good Chance Popiah Eating House,food_beverage
Goodpops,food_beverage
Gopizza,food_beverage
Gourmet Supplies,food_beverage
Greenday Singapore,food_beverage
Greendot,food_beverage
Group Therapy Coffee,food_beverage
Gryphon Tea,food_beverage
Guzman y Gomez Singapore,food_beverage
Gyu-Kaku Singapore,food_beverage
Haakon,food_beverage
Haidilao,food_beverage
Hard Rock Cafe Singapore,food_beverage
Harry's,food_beverage
Healthy Soba IKI,food_beverage
Hello Arigato,food_beverage
Henri Charpentier Singapore,food_beverage
Hey! Chips,food_beverage
Hey! Yakiniku,food_beverage
Heybo Sg,food_beverage
Heytea,food_beverage
Himalaya Vajomba,food_beverage
Homeground Coffee Roasters,food_beverage
Hong Kong Egglet,food_beverage
Hoshino Coffee,food_beverage
Huevos,food_beverage
Huggs Collective,food_beverage
Hvala Singapore,food_beverage
I Love Taimei,food_beverage
I'm Kim Korean BBQ,food_beverage
Ichikokudo Hokkaido Ramen,food_beverage
IndoCafe,food_beverage
Irvin's Salted Egg,food_beverage
iSTEAKS,food_beverage
Itacho Sushi,food_beverage
Itadakimasu by PARCO,food_beverage
iTEA,food_beverage
J.CO Donuts & Coffee,food_beverage
JACK 'n JILL,food_beverage
Jimmy Monkey Café,food_beverage
Joe & Dough,food_beverage
Jollibean,food_beverage
Julie's,food_beverage
Kanada-Ya Singapore,food_beverage
Kane Mochi,food_beverage
Kazo,food_beverage
Kei Kaisendon,food_beverage
Keisuke Singapore,food_beverage
KeiTaku Mazesoba,food_beverage
Kenangan Coffee,food_beverage
Kenny Rogers Roasters Singapore,food_beverage
Khong Guan,food_beverage
Kim's Duet,food_beverage
Kind Kones,food_beverage
Kingdom Food Group,food_beverage
Kko Kko Nara,food_beverage
Koffee Kollective,food_beverage
KOMA Singapore,food_beverage
Konjiki Hototogisu Singapore,food_beverage
KOOKS Creamery,food_beverage
Kopi & Tarts,food_beverage
Krispy Kreme,food_beverage
L'Angelus,food_beverage
Lao Huo Tang,food_beverage
Lavender Bakery Singapore,food_beverage
Lee Wee & Brothers,food_beverage
Les Amis,food_beverage
LiHO,food_beverage
Lim Kee,food_beverage
Lipton Tea,food_beverage
llao llao,food_beverage
Lola's Café,food_beverage
London Fat Duck,food_beverage
Luckin Coffee,food_beverage
Ma Maison Singapore,food_beverage
Mad Roaster,food_beverage
Madam Ang KK,food_beverage
Marché,food_beverage
Marigold,food_beverage
Maru Mochi SG,food_beverage
Marutama Ramen,food_beverage
Matchaya,food_beverage
Maxi Coffee Bar,food_beverage
MEIDI-YA Singapore,food_beverage
Meiji,food_beverage
Meow Barbecue,food_beverage
Miam Miam French Japanese Café,food_beverage
Micro Bakery,food_beverage
Miracle Coffee SG,food_beverage
Mister Donut,food_beverage
Mixue,food_beverage
MOMO Acai,food_beverage
Momolato,food_beverage
Moon Juice Kombucha,food_beverage
Morning Grind Cafe,food_beverage
MOS Burger Singapore,food_beverage
Mr Bean,food_beverage
Mr Coconut,food_beverage
Mrs Pho,food_beverage
Munchi Pancakes,food_beverage
Muted Gelato,food_beverage
myEureka,food_beverage
Nando's Singapore,food_beverage
Nasty Cookie,food_beverage
Nature Vegetarian Delights,food_beverage
Nature's Nutrition,food_beverage
Nature's Superfoods,food_beverage
Nature's Wonders,food_beverage
NatureCafe,food_beverage
Natureland Cafe,food_beverage
Naturelova,food_beverage
Nestlé,food_beverage
Nine Fresh,food_beverage
nozomi,food_beverage
Nut Culture,food_beverage
Nuts & Snacks,food_beverage
Nylon Coffee Roasters,food_beverage
O'Coffee Club,food_beverage
Oatbedient,food_beverage
Oatside,food_beverage
Oishi Singapore,food_beverage
Old Chang Kee,food_beverage
Old Hen Coffee,food_beverage
Old Seng Choong,food_beverage
OldTown Singapore,food_beverage
Olé Bar & Kitchen,food_beverage
Olive Vine Pasta Fusion,food_beverage
Olla,food_beverage
OTC Cafe,food_beverage
OWL International,food_beverage
Papa Ayam,food_beverage
Paradise Group,food_beverage
Parallel Coffee Roasters,food_beverage
Paris Baguette,food_beverage
PastaGo,food_beverage
Pastamania,food_beverage
Patisserie G,food_beverage
PAUL Singapore,food_beverage
Paulaner Bräuhaus Singapore,food_beverage
Pekoe & Imp,food_beverage
Perk Coffee,food_beverage
Petale Tea,food_beverage
Pezzo,food_beverage
Playmade,food_beverage
POCHA Singapore,food_beverage
Pocky,food_beverage
Poke Theory,food_beverage
Pokka,food_beverage
Polar Puffs & Cakes,food_beverage
Popeyes,food_beverage
Potato Corner,food_beverage
Poulet,food_beverage
Pourabucha,food_beverage
PPP Coffee,food_beverage
Prefer Coffee,food_beverage
PrimaDeli,food_beverage
Project Acai,food_beverage
Pryce Tea,food_beverage
PS. Cafe,food_beverage
PUTIEN,food_beverage
Puzzle Coffee,food_beverage
Quest Nutrition,food_beverage
R&B Tea,food_beverage
Re.juve,food_beverage
RE&S,food_beverage
Rich & Good Cake Shop,food_beverage
Ricola,food_beverage
Ritz Apple Strudel,food_beverage
Rollney,food_beverage
Round Boy Roasters,food_beverage
ROYCE',food_beverage
Saboten,food_beverage
SaladStop Singapore,food_beverage
Salted Caramel,food_beverage
Sanook Kitchen,food_beverage
Scoop Wholefoods,food_beverage
Scoopz Singapore,food_beverage
Seorae JIB Singapore,food_beverage
Share Tea,food_beverage
Shihlin Taiwan Street Snacks,food_beverage
Shiok Burger,food_beverage
Simple Cafe,food_beverage
Six Hands,food_beverage
Smart Snacks,food_beverage
Smucker's Singapore,food_beverage
Snack Guru,food_beverage
SnackFirst,food_beverage
So Good Bakery,food_beverage
So Pho,food_beverage
Soi 47 Thai Food,food_beverage
Song Fa Bak Kut Teh,food_beverage
Soup Restaurant,food_beverage
Sourbombe,food_beverage
Spizza,food_beverage
Starbucks,food_beverage
State Of Affairs,food_beverage
Subway,food_beverage
Sukiya,food_beverage
Supergreen,food_beverage
Supernature,food_beverage
Supernova,food_beverage
Sushi Express Singapore,food_beverage
Sushi Tei,food_beverage
Sustyfoods Singapore,food_beverage
Suu Kee Coffee,food_beverage
Swee Heng Bakery,food_beverage
Swensen's,food_beverage
T2 Tea,food_beverage
Tachibana Singapore,food_beverage
TAG Espresso,food_beverage
Tai Cheong Bakery,food_beverage
Tai Er,food_beverage
Takagi Coffee,food_beverage
Taliwang SG,food_beverage
Tan Yu Grilled Fish,food_beverage
Tanamera Coffee Singapore,food_beverage
Tao Kae Noi,food_beverage
Tasty Snack Asia,food_beverage
tcc - The Connoisseur Concerto,food_beverage
Tea Bone Zen Mind,food_beverage
Teadora,food_beverage
Teaspoon of Love,food_beverage
Tenderfresh,food_beverage
Tenkaichi Japanese BBQ Restaurant,food_beverage
Tenshima,food_beverage
Texas Chicken,food_beverage
The 1872 Clipper Tea Co.,food_beverage
The Better Food,food_beverage
The Cocoa Trees,food_beverage
The Coffee Academics Singapore,food_beverage
The Dark Gallery,food_beverage
The Edible Co.,food_beverage
The GFB,food_beverage
The Golden Duck Co.,food_beverage
The Goodburger,food_beverage
The Goodness Company,food_beverage
The Granola Factory,food_beverage
The Ice Cream & Cookie Co.,food_beverage
The Maks’ Coffee,food_beverage
The Mind Cafe,food_beverage
The Original Vadai,food_beverage
The Pack Protein & Salad Bar,food_beverage
The Patissier,food_beverage
The Providore,food_beverage
The Purest Co,beauty_personal_care
The Soup Spoon,food_beverage
The Summer Acai,food_beverage
The Tree Café,food_beverage
The Whole Kitchen,food_beverage
TheJellyHearts,food_beverage
Thus Coffee,food_beverage
Tiger Sugar,food_beverage
Tily Tea,food_beverage
Tim Ho Wan,food_beverage
Tiong Bahru Bakery,food_beverage
Tiong Hoe Specialty Coffee,food_beverage
Tip Top Curry Puff,food_beverage
Toast Box Singapore,food_beverage
Tokyo Milk Cheese Factory,food_beverage
Tom's Palette,food_beverage
Tomoro Coffee,food_beverage
Tong Garden Food,food_beverage
Tonito,food_beverage
Tonkatsu ENbiton,food_beverage
TP Tea,food_beverage
Tsujiri,food_beverage
Tsuta Singapore,food_beverage
Twenty Grammes,food_beverage
TWG Tea,food_beverage
Twinings,food_beverage
Udders,food_beverage
Umisushi,food_beverage
Vanda,food_beverage
Venchi,food_beverage
Waa Cow!,food_beverage
Waga Waga Den,food_beverage
Wake The Crew,food_beverage
Wakey Wakey,food_beverage
Watami Japanese Dining,food_beverage
Whale Tea,food_beverage
Win2Food,food_beverage
Wing Joo Loong,food_beverage
Wingstop,food_beverage
Wok Hey,food_beverage
Wokker SG,food_beverage
Ya Kun Kaya Toast,food_beverage
Yakult (Singapore) Pte Ltd,food_beverage
Yeo's,food_beverage
Yocha Kombucha,food_beverage
Yogood,food_beverage
Yolé,food_beverage
Yolo Foods,food_beverage
Zenko Superfoods,food_beverage
51 Label,apparel_accessories
6IXTY8IGHT,apparel_accessories
6styleco,apparel_accessories
All Would Envy,apparel_accessories
Anothersole,apparel_accessories
Arden Teal,apparel_accessories
Asos,apparel_accessories
AVVE Clothing,apparel_accessories
Azen Jewellery,apparel_accessories
Bare Label,apparel_accessories
Bellroy,apparel_accessories
Beyond the Vines,apparel_accessories
Bolon Eyewear,apparel_accessories
BONIA,apparel_accessories
Bossini,apparel_accessories
Charles and Keith,apparel_accessories
Chomel,apparel_accessories
Clarks,apparel_accessories
Closet Lover,apparel_accessories
Converse,apparel_accessories
Crocs,apparel_accessories
Curious Creatures,apparel_accessories
Decathalon,apparel_accessories
DMK,apparel_accessories
ECCO,apparel_accessories
EVISU,apparel_accessories
Fayth,apparel_accessories
Fossil,apparel_accessories
G2000,apparel_accessories
Goodtotes,apparel_accessories
Havaianas,apparel_accessories
Hush Puppies,apparel_accessories
In Good Company,apparel_accessories
Kaleido,apparel_accessories
Klarra,apparel_accessories
Lenskart,apparel_accessories
Levi's,apparel_accessories
Likka.sg,apparel_accessories
Love and Bravery,apparel_accessories
"Love, Bonito",apparel_accessories
Lovet,apparel_accessories
Mango,apparel_accessories
Meilleur Moment,apparel_accessories
Mikayla,apparel_accessories
Motherhouse,apparel_accessories
Neonmello,apparel_accessories
O+ Eyeware,apparel_accessories
Owndays,apparel_accessories
Pedro,apparel_accessories
Playdress,apparel_accessories
Pull & Bear,apparel_accessories
Purpur,apparel_accessories
Q Menswear,apparel_accessories
Recoil,apparel_accessories
Royal Sporting House Singapore,apparel_accessories
Sans&Sans,apparel_accessories
Spectacle Hut,apparel_accessories
Sunday Staples,apparel_accessories
Superdry,apparel_accessories
Tangs,apparel_accessories
The Closet Lover,apparel_accessories
The Editor's Market,apparel_accessories
The Tinsel Rack,apparel_accessories
The Willow Label,apparel_accessories
Timberland,apparel_accessories
Topazette,apparel_accessories
TRT,apparel_accessories
Urban Revivo,apparel_accessories
W Optics,apparel_accessories
Yacht 21,apparel_accessories
Yishion,apparel_accessories
Young Hungry Free,apparel_accessories
Zalora SG,apparel_accessories
Zoff,apparel_accessories
benjamin barker,apparel_accessories
